l.p.,czas,pozycja,x_estymowane,y_estymowane,x_prawdziwe,y_prawdziwe
0,2025-09-19T13:47:42.810871,1,1.5693430146238746e-10,2.7399843663412657e-10,2.3,0.0
1,2025-09-19T13:47:43.310871,1,1.5715260846209843e-10,2.737835954228243e-10,2.3,0.0
2,2025-09-19T13:47:43.810871,1,1.5727738091660407e-10,2.7366031471280953e-10,2.3,0.0
3,2025-09-19T13:47:44.310871,1,1.576492336394064e-10,2.7329078908734816e-10,2.3,0.0
4,2025-09-19T13:47:44.810871,1,1.5759649353835844e-10,2.7334339271055596e-10,2.3,0.0
5,2025-09-19T13:47:45.310871,1,1.5749745927740465e-10,2.734419975959639e-10,2.3,0.0
6,2025-09-19T13:47:45.810871,1,1.572773884345213e-10,2.736603072740349e-10,2.3,0.0
7,2025-09-19T13:47:46.310871,1,1.5733465669545509e-10,2.736036042972383e-10,2.3,0.0
8,2025-09-19T13:47:46.810871,1,1.5722240499001915e-10,2.737146772774948e-10,2.3,0.0
9,2025-09-19T13:47:47.310871,1,1.572441816374773e-10,2.73693151868794e-10,2.3,0.0
10,2025-09-19T13:47:47.810871,1,1.574834113422135e-10,2.7345596634746943e-10,2.3,0.0
11,2025-09-19T13:47:48.310871,1,1.5723910700775203e-10,2.73698168922458e-10,2.3,0.0
12,2025-09-19T13:47:48.810871,1,1.575131589386939e-10,2.734263810578608e-10,2.3,0.0
13,2025-09-19T13:47:49.310871,1,1.575131589386939e-10,2.734263810578608e-10,2.3,0.0
14,2025-09-19T13:47:49.810871,1,1.5723008867542868e-10,2.7370708347893347e-10,2.3,0.0
15,2025-09-19T13:47:50.310871,1,1.5746665724371946e-10,2.7347262007546733e-10,2.3,0.0
16,2025-09-19T13:47:50.810871,1,1.574654714376443e-10,2.734737985330831e-10,2.3,0.0
17,2025-09-19T13:47:51.310871,1,1.5707589694600596e-10,2.738592130534835e-10,2.3,0.0
18,2025-09-19T13:47:51.810871,1,1.565806510005425e-10,2.743441705283418e-10,2.3,0.0
19,2025-09-19T13:47:52.310871,1,1.5656886481247424e-10,2.7435564402001773e-10,2.3,0.0
20,2025-09-19T13:47:52.810871,2,1.5651349598573732e-10,2.744095017897862e-10,2.3,0.0
21,2025-09-19T13:47:53.310871,2,1.5703416725890408e-10,2.7390029124587463e-10,2.3,0.0
22,2025-09-19T13:47:53.810871,2,1.572058428367558e-10,2.737310410840811e-10,2.3,0.0
23,2025-09-19T13:47:54.310871,2,1.565330780425493e-10,2.743904620707689e-10,2.3,0.0
24,2025-09-19T13:47:54.810871,2,1.5649461791264392e-10,2.744278488110899e-10,2.3,0.0
25,2025-09-19T13:47:55.310871,2,1.5644231398814987e-10,2.744786393090591e-10,2.3,0.0
26,2025-09-19T13:47:55.810871,2,1.5582500198982838e-10,2.7507343447439404e-10,2.3,0.0
27,2025-09-19T13:47:56.310871,2,1.5651075890572244e-10,2.7441216237364067e-10,2.3,0.0
28,2025-09-19T13:47:56.810871,2,1.5543485890192615e-10,2.7544494650950927e-10,2.3,0.0
29,2025-09-19T13:47:57.310871,2,1.5433388284839483e-10,2.7647517537604926e-10,2.3,0.0
30,2025-09-19T13:47:57.810871,2,1.5515330817874977e-10,2.757109495477564e-10,2.3,0.0
31,2025-09-19T13:47:58.310871,2,1.5283429382393901e-10,2.7783591366351523e-10,2.3,0.0
32,2025-09-19T13:47:58.810871,2,1.466276099108885e-10,2.829688442936883e-10,2.3,0.0
33,2025-09-19T13:47:59.310871,2,1.456763021396235e-10,2.8368730568203494e-10,2.3,0.0
34,2025-09-19T13:47:59.810871,2,2.072884374442578,3.7587691453005365,2.3,0.0
35,2025-09-19T13:48:00.310871,2,2.095573846042967,3.810996140841267,2.3,0.0
36,2025-09-19T13:48:00.810871,2,2.003755368660153,3.6239404044253667,2.3,0.0
37,2025-09-19T13:48:01.310871,2,2.056174968511333,3.8829515051910644,2.3,0.0
38,2025-09-19T13:48:01.810871,2,1.9672703439969923,4.4207725644577485,2.3,0.0
39,2025-09-19T13:48:02.310871,2,2.0191627781464323,4.558193167370749,2.3,0.0
40,2025-09-19T13:48:02.810871,2,2.03194900391405,4.521043349562201,2.3,0.0
41,2025-09-19T13:48:03.310871,2,0.7317094294143368,6.172776053149126,2.3,0.0
42,2025-09-19T13:48:03.810871,2,4.111849318577989e-15,12.138130560729397,2.3,0.0
43,2025-09-19T13:48:04.310871,2,1.089314692179545,9.712939323050698,2.3,0.0
44,2025-09-19T13:48:04.810871,2,1.8621574195287045,7.566556886020037,2.3,0.0
45,2025-09-19T13:48:05.310871,2,2.0262589044428805,7.687028684400577,2.3,0.0
46,2025-09-19T13:48:05.810871,2,0.850570441395163,8.17301396134828,2.3,0.0
47,2025-09-19T13:48:06.310871,2,0.8363347817901822,8.172465037451193,2.3,0.0
48,2025-09-19T13:48:06.810871,2,0.6794881607638721,8.27178359182561,2.3,0.0
49,2025-09-19T13:48:07.310871,2,0.44238148785917397,8.31093922266701,2.3,0.0
50,2025-09-19T13:48:07.810871,2,0.4284118295678042,8.320076399127512,2.3,0.0
51,2025-09-19T13:48:08.310871,2,0.2872414648169008,8.31705094503887,2.3,0.0
52,2025-09-19T13:48:08.810871,2,0.26018192229645287,8.34456000434824,2.3,0.0
53,2025-09-19T13:48:09.310871,2,0.061882610399923314,8.293614613833737,2.3,0.0
54,2025-09-19T13:48:09.810871,2,0.3102068459600536,8.708193576699388,2.3,0.0
55,2025-09-19T13:48:10.310871,2,0.32087516097411584,8.715986828855288,2.3,0.0
56,2025-09-19T13:48:10.810871,2,0.656367798123566,10.241522757503015,2.3,0.0
57,2025-09-19T13:48:11.310871,2,0.8708341124515812,10.275199569786263,2.3,0.0
58,2025-09-19T13:48:11.810871,2,2.3023910605923483e-19,9.823049351179456,2.3,0.0
59,2025-09-19T13:48:12.310871,,,,2.3,0.0
60,2025-09-19T13:48:12.810871,,,,2.3,0.0
61,2025-09-19T13:48:13.310871,,,,2.3,0.0
62,2025-09-19T13:48:13.810871,,,,2.3,0.0
63,2025-09-19T13:48:14.310871,,,,2.3,0.0
64,2025-09-19T13:48:14.810871,,,,2.3,0.0
65,2025-09-19T13:48:15.310871,,,,2.3,0.0
66,2025-09-19T13:48:15.810871,,,,2.3,0.0
67,2025-09-19T13:48:16.310871,,,,2.3,0.0
68,2025-09-19T13:48:16.810871,,,,2.3,0.0
69,2025-09-19T13:48:17.310871,,,,2.3,0.0
70,2025-09-19T13:48:17.810871,,,,2.3,0.0
71,2025-09-19T13:48:18.310871,,,,2.3,0.0
72,2025-09-19T13:48:18.810871,3,1.443209419581142,11.241322205562751,2.3,0.0
73,2025-09-19T13:48:19.310871,3,2.6104151242333065,10.78981525236333,2.3,0.0
74,2025-09-19T13:48:19.810871,3,2.5886568024391385,10.850921589657196,2.3,0.0
75,2025-09-19T13:48:20.310871,3,2.7004522209012176,10.741581406795216,2.3,0.0
76,2025-09-19T13:48:20.810871,3,1.365651301186961,10.37421901196545,2.3,0.0
77,2025-09-19T13:48:21.310871,3,3.8437890493242043e-13,10.091123951010033,2.3,0.0
78,2025-09-19T13:48:21.810871,3,1.2317627684909638,9.21965620147857,2.3,0.0
79,2025-09-19T13:48:22.310871,3,1.0128125668035919,8.264844596190477,2.3,0.0
80,2025-09-19T13:48:22.810871,3,0.9898912393041391,8.625082780367949,2.3,0.0
81,2025-09-19T13:48:23.310871,3,1.0330348796740243,8.579191136073185,2.3,0.0
82,2025-09-19T13:48:23.810871,3,0.24245771716722925,7.7238137272401115,2.3,0.0
83,2025-09-19T13:48:24.310871,3,3.1632936612265583e-18,9.347731568389372,2.3,0.0
84,2025-09-19T13:48:24.810871,3,5.636770750890445e-17,7.178972005072771,2.3,0.0
85,2025-09-19T13:48:25.310871,3,4.476841061865354e-19,6.841074555100081,2.3,0.0
86,2025-09-19T13:48:25.810871,3,1.4310346494250607e-15,9.548042158807831,2.3,0.0
87,2025-09-19T13:48:26.310871,3,6.1779605322523476e-18,9.683536939731457,2.3,0.0
88,2025-09-19T13:48:26.810871,3,0.6120550720431271,9.864318964199878,2.3,0.0
89,2025-09-19T13:48:27.310871,3,0.8886856769158027,10.15235613917607,2.3,0.0
90,2025-09-19T13:48:27.810871,3,0.9227334010760289,10.032702119354001,2.3,0.0
91,2025-09-19T13:48:28.310871,3,0.9451593617477501,9.963295026770206,2.3,0.0
92,2025-09-19T13:48:28.810871,3,0.8631497794447849,9.726687548669542,2.3,0.0
93,2025-09-19T13:48:29.310871,3,0.9115838110794652,9.83435908685019,2.3,0.0
94,2025-09-19T13:48:29.810871,4,1.0868700382719847,10.170050639586552,2.3,0.0
95,2025-09-19T13:48:30.310871,4,0.99565765231785,9.988083805351055,2.3,0.0
96,2025-09-19T13:48:30.810871,4,1.1799140943443955,10.333092058528191,2.3,0.0
97,2025-09-19T13:48:31.310871,4,1.206484835821985,10.376544845246148,2.3,0.0
98,2025-09-19T13:48:31.810871,4,1.4748211835658853,10.963490528541048,2.3,0.0
99,2025-09-19T13:48:32.310871,4,1.574858889092035,11.078665451313572,2.3,0.0
100,2025-09-19T13:48:32.810871,4,1.0963507041485274,10.179726477421077,2.3,0.0
101,2025-09-19T13:48:33.310871,4,0.8706602255677357,9.671064150758566,2.3,0.0
102,2025-09-19T13:48:33.810871,4,0.6554517886802154,9.343455502916745,2.3,0.0
103,2025-09-19T13:48:34.310871,4,0.8003275092697055,9.575960338656161,2.3,0.0
104,2025-09-19T13:48:34.810871,4,1.7851893931807066,11.46647487413908,2.3,0.0
105,2025-09-19T13:48:35.310871,4,2.1307154789097975,12.019483767252552,2.3,0.0
106,2025-09-19T13:48:35.810871,4,2.1417401876391513,12.013722466184277,2.3,0.0
107,2025-09-19T13:48:36.310871,4,2.1828540411752173,12.443243463777192,2.3,0.0
108,2025-09-19T13:48:36.810871,4,2.1538881747742322,12.464467792190321,2.3,0.0
109,2025-09-19T13:48:37.310871,4,2.1571664887981066,12.4878358312021,2.3,0.0
110,2025-09-19T13:48:37.810871,4,2.1520697609045003,12.525481323675034,2.3,0.0
111,2025-09-19T13:48:38.310871,4,2.398491565887518,12.212503986644034,2.3,0.0
112,2025-09-19T13:48:38.810871,4,8.99999999999999,26.999999999999996,2.3,0.0
113,2025-09-19T13:48:39.310871,4,5.1486846951771446,16.97419325575172,2.3,0.0
114,2025-09-19T13:48:39.810871,4,0.7291147267317837,17.902883519109956,2.3,0.0
115,2025-09-19T13:48:40.310871,4,1.0645222893019672,18.388010018069288,2.3,0.0
116,2025-09-19T13:48:40.810871,4,0.6448611112630424,17.536829198823156,2.3,0.0
117,2025-09-19T13:48:41.310871,4,0.5472366091420603,17.255958596422357,2.3,0.0
118,2025-09-19T13:48:41.810871,4,0.5053196645075673,17.17056979250219,2.3,0.0
119,2025-09-19T13:48:42.310871,4,0.48255078943011487,17.173733420863517,2.3,0.0
120,2025-09-19T13:48:42.810871,4,0.4865238673388455,17.138901918266896,2.3,0.0
121,2025-09-19T13:48:43.310871,4,4.417621808732287e-17,17.06051441341948,2.3,0.0
122,2025-09-19T13:48:43.810871,4,1.635474761561023e-11,16.109627522655718,2.3,0.0
123,2025-09-19T13:48:44.310871,4,3.1772667252096976,14.609187116597258,2.3,0.0
124,2025-09-19T13:48:44.810871,4,2.1832017772067727,20.724198180191028,2.3,0.0
125,2025-09-19T13:48:45.310871,4,2.2220032556298555,20.85483654695334,2.3,0.0
126,2025-09-19T13:48:45.810871,4,2.219584284057309,20.842064226650173,2.3,0.0
127,2025-09-19T13:48:46.310871,4,2.22523959447009,20.852471200022823,2.3,0.0
128,2025-09-19T13:48:46.810871,4,2.226561862979809,20.848603109254594,2.3,0.0
129,2025-09-19T13:48:47.310871,4,2.249809696363657,20.811850902859327,2.3,0.0
130,2025-09-19T13:48:47.810871,4,2.2687620843000005,20.819776150110044,2.3,0.0
131,2025-09-19T13:48:48.310871,4,2.6029526457581866,20.794792999073607,2.3,0.0
132,2025-09-19T13:48:48.810871,4,2.2051057478817375,15.60088157506344,2.3,0.0
133,2025-09-19T13:48:49.310871,4,4.372777202893343e-14,14.945202466667556,2.3,0.0
134,2025-09-19T13:48:49.810871,4,3.0735865275707906e-15,14.979180581070263,2.3,0.0
135,2025-09-19T13:48:50.310871,4,1.3850317685336125e-17,15.027529627662096,2.3,0.0
136,2025-09-19T13:48:50.810871,,,,2.3,0.0
137,2025-09-19T13:48:51.310871,,,,2.3,0.0
138,2025-09-19T13:48:51.810871,,,,2.3,0.0
139,2025-09-19T13:48:52.310871,,,,2.3,0.0
140,2025-09-19T13:48:52.810871,,,,2.3,0.0
141,2025-09-19T13:48:53.310871,,,,2.3,0.0
142,2025-09-19T13:48:53.810871,5,4.413172297602318,25.365563490093404,2.3,0.0
143,2025-09-19T13:48:54.310871,5,2.6339009451529853,20.80820228240043,2.3,0.0
144,2025-09-19T13:48:54.810871,5,2.512260696438992,20.728410858071967,2.3,0.0
145,2025-09-19T13:48:55.310871,5,2.235619695249732,20.676497663296526,2.3,0.0
146,2025-09-19T13:48:55.810871,5,2.2375121139080023,20.707391423682676,2.3,0.0
147,2025-09-19T13:48:56.310871,5,2.250764243955763,20.716792825326277,2.3,0.0
148,2025-09-19T13:48:56.810871,5,2.2428098684134,20.724343567928866,2.3,0.0
149,2025-09-19T13:48:57.310871,5,2.3739820478182962,20.731896367834572,2.3,0.0
150,2025-09-19T13:48:57.810871,5,2.412040403473629,20.75798298762192,2.3,0.0
151,2025-09-19T13:48:58.310871,5,2.5317298931070056,20.924421294200386,2.3,0.0
152,2025-09-19T13:48:58.810871,5,2.538007798162869,20.984590071197868,2.3,0.0
153,2025-09-19T13:48:59.310871,5,2.5356749285227553,21.035554892850364,2.3,0.0
154,2025-09-19T13:48:59.810871,5,2.5169929498142807,21.12052015248451,2.3,0.0
155,2025-09-19T13:49:00.310871,5,2.564360545590423,21.06980473485958,2.3,0.0
156,2025-09-19T13:49:00.810871,5,2.5845880372987575,21.084529608600928,2.3,0.0
157,2025-09-19T13:49:01.310871,5,2.561707293217355,20.789164605203695,2.3,0.0
158,2025-09-19T13:49:01.810871,5,2.5987178744161024,20.790628118494794,2.3,0.0
159,2025-09-19T13:49:02.310871,5,2.248479071888338,20.489866424756656,2.3,0.0
160,2025-09-19T13:49:02.810871,5,2.1865210570235742,20.426399324479117,2.3,0.0
161,2025-09-19T13:49:03.310871,5,2.1656813579950542,20.489698648025843,2.3,0.0
162,2025-09-19T13:49:03.810871,5,2.170662931100424,20.48311487301549,2.3,0.0
163,2025-09-19T13:49:04.310871,5,2.1949288066972015,20.548112969747866,2.3,0.0
164,2025-09-19T13:49:04.810871,6,2.1863409757436365,20.639044303936092,2.3,0.0
165,2025-09-19T13:49:05.310871,6,2.1587760453118308,20.692420177353505,2.3,0.0
166,2025-09-19T13:49:05.810871,6,2.190087782548596,20.69527450044939,2.3,0.0
167,2025-09-19T13:49:06.310871,6,2.2146580119954526,20.719210462363087,2.3,0.0
168,2025-09-19T13:49:06.810871,6,2.2112280004658627,20.679669486586082,2.3,0.0
169,2025-09-19T13:49:07.310871,6,2.4482127934606175,20.648934784681053,2.3,0.0
170,2025-09-19T13:49:07.810871,6,2.362769302124905,20.572028280057722,2.3,0.0
171,2025-09-19T13:49:08.310871,6,2.1031281059460696,20.41935308473711,2.3,0.0
172,2025-09-19T13:49:08.810871,6,2.134118906885487,20.403785630840467,2.3,0.0
173,2025-09-19T13:49:09.310871,6,2.130573582916392,20.27397124830624,2.3,0.0
174,2025-09-19T13:49:09.810871,6,2.0838855260766267,20.45724931925156,2.3,0.0
175,2025-09-19T13:49:10.310871,6,2.3882573584374827,20.926463894409927,2.3,0.0
176,2025-09-19T13:49:10.810871,6,2.3728773835392762,20.901401316830633,2.3,0.0
177,2025-09-19T13:49:11.310871,6,2.260787860128421,20.87246424486622,2.3,0.0
178,2025-09-19T13:49:11.810871,6,2.2662344365423017,20.875243850257206,2.3,0.0
179,2025-09-19T13:49:12.310871,6,2.232104042575843,20.785563023559117,2.3,0.0
180,2025-09-19T13:49:12.810871,6,2.2159676754205564,20.79462225847462,2.3,0.0
181,2025-09-19T13:49:13.310871,6,2.562732216324424,20.754693668237838,2.3,0.0
182,2025-09-19T13:49:13.810871,6,2.356132602024608,20.67423719900956,2.3,0.0
183,2025-09-19T13:49:14.310871,6,3.255071081836148,22.260982795752245,2.3,0.0
184,2025-09-19T13:49:14.810871,6,4.71847244636043,18.968151219042706,2.3,0.0
185,2025-09-19T13:49:15.310871,6,0.9691893397532643,18.38722720071585,2.3,0.0
186,2025-09-19T13:49:15.810871,6,0.9295772602102189,18.390177689007036,2.3,0.0
187,2025-09-19T13:49:16.310871,6,1.0020354351043732,18.207947188941574,2.3,0.0
188,2025-09-19T13:49:16.810871,6,1.653923764599658,16.489012364456833,2.3,0.0
189,2025-09-19T13:49:17.310871,6,1.5081011980643937,15.396616241862997,2.3,0.0
190,2025-09-19T13:49:17.810871,6,1.415633089453733,14.834512023336037,2.3,0.0
191,2025-09-19T13:49:18.310871,6,1.350702969246434,14.952828627978757,2.3,0.0
192,2025-09-19T13:49:18.810871,6,3.8465013141026154,12.430593689356723,2.3,0.0
193,2025-09-19T13:49:19.310871,6,3.824218683303568,12.928628088136689,2.3,0.0
194,2025-09-19T13:49:19.810871,6,2.0143145384861105,13.702796022714582,2.3,0.0
195,2025-09-19T13:49:20.310871,6,2.104702744485994,13.587956983845624,2.3,0.0
196,2025-09-19T13:49:20.810871,6,1.9741750251947294,13.542242011067907,2.3,0.0
197,2025-09-19T13:49:21.310871,6,2.0636285629587645,13.268604876051352,2.3,0.0
198,2025-09-19T13:49:21.810871,6,2.2614653547660257,12.470597869084349,2.3,0.0
199,2025-09-19T13:49:22.310871,6,2.256849369859276,12.460152971080023,2.3,0.0
200,2025-09-19T13:49:22.810871,6,2.255812195039673,12.460128377941349,2.3,0.0
201,2025-09-19T13:49:23.310871,6,2.2461483232756434,12.471037504973614,2.3,0.0
202,2025-09-19T13:49:23.810871,6,2.3718918516136505,13.000708594800386,2.3,0.0
203,2025-09-19T13:49:24.310871,6,2.5690677990806883,13.264687492672568,2.3,0.0
204,2025-09-19T13:49:24.810871,6,2.2426630157600207,13.304286715533628,2.3,0.0
205,2025-09-19T13:49:25.310871,6,1.8315760326384465,11.66951179664842,2.3,0.0
206,2025-09-19T13:49:25.810871,6,1.827331104046463,11.644719568631622,2.3,0.0
207,2025-09-19T13:49:26.310871,6,0.9806368711962529,9.96897068811426,2.3,0.0
208,2025-09-19T13:49:26.810871,6,0.21344344676755692,9.272162738156062,2.3,0.0
209,2025-09-19T13:49:27.310871,6,1.156076222000344e-16,9.199184538853398,2.3,0.0
210,2025-09-19T13:49:27.810871,6,6.743416414593859e-17,9.164766365042025,2.3,0.0
211,2025-09-19T13:49:28.310871,6,7.336895160825471e-18,9.20362367935751,2.3,0.0
212,2025-09-19T13:49:28.810871,6,6.838822271430671,20.159773623790144,2.3,0.0
213,2025-09-19T13:49:29.310871,,,,2.3,0.0
214,2025-09-19T13:49:29.810871,,,,2.3,0.0
215,2025-09-19T13:49:30.310871,,,,2.3,0.0
216,2025-09-19T13:49:30.810871,,,,2.3,0.0
217,2025-09-19T13:49:31.310871,,,,2.3,0.0
218,2025-09-19T13:49:31.810871,,,,2.3,0.0
219,2025-09-19T13:49:32.310871,,,,2.3,0.0
220,2025-09-19T13:49:32.810871,7,3.579481581838849e-13,11.215444003181632,2.3,0.0
221,2025-09-19T13:49:33.310871,7,1.5923384685949058e-15,10.679576052703647,2.3,0.0
222,2025-09-19T13:49:33.810871,7,0.658704023339267,7.264197899970869,2.3,0.0
223,2025-09-19T13:49:34.310871,7,1.3408870664707027e-14,9.241812215655012,2.3,0.0
224,2025-09-19T13:49:34.810871,7,2.0026791237627583e-13,9.1931680200537,2.3,0.0
225,2025-09-19T13:49:35.310871,7,1.2904662346265112e-16,9.205941457412104,2.3,0.0
226,2025-09-19T13:49:35.810871,7,6.513507702604628e-15,9.23552538332216,2.3,0.0
227,2025-09-19T13:49:36.310871,7,8.956130991934171e-18,9.359344369465205,2.3,0.0
228,2025-09-19T13:49:36.810871,7,2.624553610751259e-22,9.461958507628454,2.3,0.0
229,2025-09-19T13:49:37.310871,7,6.445139766653812e-11,9.465003153634104,2.3,0.0
230,2025-09-19T13:49:37.810871,7,0.037697843026250503,9.548880312819787,2.3,0.0
231,2025-09-19T13:49:38.310871,7,2.7879694000368046e-15,9.513006840956155,2.3,0.0
232,2025-09-19T13:49:38.810871,7,1.3405009964091221e-14,9.447470791540448,2.3,0.0
233,2025-09-19T13:49:39.310871,7,2.15939809510576e-15,9.495859658774883,2.3,0.0
234,2025-09-19T13:49:39.810871,7,2.068303522091466e-15,9.622694400256833,2.3,0.0
235,2025-09-19T13:49:40.310871,7,2.33233181494859e-15,9.65416610155621,2.3,0.0
236,2025-09-19T13:49:40.810871,7,2.3885921726119587e-18,9.70168883136339,2.3,0.0
237,2025-09-19T13:49:41.310871,7,4.847407636531454e-22,9.719344502178524,2.3,0.0
238,2025-09-19T13:49:41.810871,7,6.504221371407666e-12,9.438520042884559,2.3,0.0
239,2025-09-19T13:49:42.310871,7,0.39373500943494993,9.422047751057406,2.3,0.0
240,2025-09-19T13:49:42.810871,7,0.2691631812618143,9.45586372230008,2.3,0.0
241,2025-09-19T13:49:43.310871,8,0.42856323940332114,9.445823413094336,2.3,0.0
242,2025-09-19T13:49:43.810871,8,0.2872080018438464,9.644971234605027,2.3,0.0
243,2025-09-19T13:49:44.310871,8,0.08578970408599805,9.606229209119373,2.3,0.0
244,2025-09-19T13:49:44.810871,8,1.2734351430187377e-15,9.516856335222423,2.3,0.0
245,2025-09-19T13:49:45.310871,8,7.129666154990027e-19,9.46370499273858,2.3,0.0
246,2025-09-19T13:49:45.810871,8,7.703879798819129e-16,9.654811142995298,2.3,0.0
247,2025-09-19T13:49:46.310871,8,2.7250843699565603e-18,9.954226358573482,2.3,0.0
248,2025-09-19T13:49:46.810871,8,0.9396744567895783,8.139439729847256,2.3,0.0
249,2025-09-19T13:49:47.310871,8,0.9961404309054395,8.094238662933355,2.3,0.0
250,2025-09-19T13:49:47.810871,8,0.8912739039598719,8.126556741594577,2.3,0.0
251,2025-09-19T13:49:48.310871,8,0.7527397107473475,8.11056184452298,2.3,0.0
252,2025-09-19T13:49:48.810871,8,2.369613472970284e-16,11.480939839008629,2.3,0.0
253,2025-09-19T13:49:49.310871,8,2.529546593737913e-12,10.6309041222751,2.3,0.0
254,2025-09-19T13:49:49.810871,8,1.044115829753,5.713490359704528,2.3,0.0
255,2025-09-19T13:49:50.310871,8,1.2750836875443265,5.838879701111029,2.3,0.0
256,2025-09-19T13:49:50.810871,8,1.930323127511521,5.309349579196322,2.3,0.0
257,2025-09-19T13:49:51.310871,8,3.3621922133197932,4.612462800521294,2.3,0.0
258,2025-09-19T13:49:51.810871,8,3.3630501383114373,4.549234797852013,2.3,0.0
259,2025-09-19T13:49:52.310871,8,2.790268315977862,4.60086571118168,2.3,0.0
260,2025-09-19T13:49:52.810871,8,1.8289630126858145,4.637636861188083,2.3,0.0
261,2025-09-19T13:49:53.310871,8,2.1031166247615465,4.71006051604396,2.3,0.0
262,2025-09-19T13:49:53.810871,8,2.098756068682268,4.661480546947524,2.3,0.0
263,2025-09-19T13:49:54.310871,8,2.9791977298170176,4.809676869099919,2.3,0.0
264,2025-09-19T13:49:54.810871,8,1.7716197106106966,3.1687880819873473,2.3,0.0
265,2025-09-19T13:49:55.310871,8,1.7339007689863657,3.1171956321124155,2.3,0.0
266,2025-09-19T13:49:55.810871,8,1.5929304777858366,2.8802363771182544,2.3,0.0
267,2025-09-19T13:49:56.310871,8,1.5142639039623736e-10,2.790697604639176e-10,2.3,0.0
268,2025-09-19T13:49:56.810871,8,1.5462203804829401e-10,2.7620811240833406e-10,2.3,0.0
269,2025-09-19T13:49:57.310871,8,1.5568532676591492e-10,2.752068296302206e-10,2.3,0.0
270,2025-09-19T13:49:57.810871,8,1.583641579326544e-10,2.72571362649146e-10,2.3,0.0
271,2025-09-19T13:49:58.310871,8,1.587005920978867e-10,2.722286894283825e-10,2.3,0.0
272,2025-09-19T13:49:58.810871,8,1.5858691775029414e-10,2.723447684314983e-10,2.3,0.0
273,2025-09-19T13:49:59.310871,8,1.593945794359446e-10,2.7151341580478665e-10,2.3,0.0
274,2025-09-19T13:49:59.810871,8,1.5902157248023375e-10,2.718992784918726e-10,2.3,0.0
275,2025-09-19T13:50:00.310871,8,1.5884934325887518e-10,2.72076333044793e-10,2.3,0.0
276,2025-09-19T13:50:00.810871,,,,2.3,0.0
277,2025-09-19T13:50:01.310871,,,,2.3,0.0
278,2025-09-19T13:50:01.810871,,,,2.3,0.0
279,2025-09-19T13:50:02.310871,,,,2.3,0.0
280,2025-09-19T13:50:02.810871,,,,2.3,0.0
281,2025-09-19T13:50:03.310871,,,,2.3,0.0
282,2025-09-19T13:50:03.810871,9,1.575394809902472e-10,2.7340018564657767e-10,2.3,0.0
283,2025-09-19T13:50:04.310871,9,1.5736177504722605e-10,2.7357672738718e-10,2.3,0.0
284,2025-09-19T13:50:04.810871,9,1.5747638784825024e-10,2.734629485506959e-10,2.3,0.0
285,2025-09-19T13:50:05.310871,9,1.5758544472571962e-10,2.7335440481098775e-10,2.3,0.0
286,2025-09-19T13:50:05.810871,9,1.576528874698147e-10,2.7328714233700963e-10,2.3,0.0
287,2025-09-19T13:50:06.310871,9,1.5779467653900662e-10,2.731453900379759e-10,2.3,0.0
288,2025-09-19T13:50:06.810871,9,1.5770276378278938e-10,2.73237331876334e-10,2.3,0.0
289,2025-09-19T13:50:07.310871,9,1.5749268291644558e-10,2.7344674754331925e-10,2.3,0.0
290,2025-09-19T13:50:07.810871,9,1.5727206106202894e-10,2.736655782395321e-10,2.3,0.0
291,2025-09-19T13:50:08.310871,9,1.5707047375004996e-10,2.73864553828503e-10,2.3,0.0
292,2025-09-19T13:50:08.810871,9,1.568985898405852e-10,2.7403347787885194e-10,2.3,0.0
293,2025-09-19T13:50:09.310871,9,1.5701836220107129e-10,2.7391583917479257e-10,2.3,0.0
294,2025-09-19T13:50:09.810871,9,1.5739157047614644e-10,2.7354717777882066e-10,2.3,0.0
295,2025-09-19T13:50:10.310871,9,1.5756144186754467e-10,2.733783182250204e-10,2.3,0.0
296,2025-09-19T13:50:10.810871,9,1.5755646852239855e-10,2.733832713782937e-10,2.3,0.0
297,2025-09-19T13:50:11.310871,9,1.5757645957615124e-10,2.733633580321287e-10,2.3,0.0
298,2025-09-19T13:50:11.810871,9,1.5736380381290212e-10,2.7357471600579887e-10,2.3,0.0
299,2025-09-19T13:50:12.310871,9,1.5724959833849935e-10,2.7368779597424476e-10,2.3,0.0
300,2025-09-19T13:50:12.810871,9,1.5720365253998443e-10,2.737332046800603e-10,2.3,0.0
301,2025-09-19T13:50:13.310871,9,1.5724852632691376e-10,2.736888560050396e-10,2.3,0.0
302,2025-09-19T13:50:13.810871,9,1.57321897918633e-10,2.73616243644328e-10,2.3,0.0
303,2025-09-19T13:50:14.310871,9,1.5738621604020809e-10,2.735524895410859e-10,2.3,0.0
304,2025-09-19T13:50:14.810871,9,1.5773502691874876e-10,2.7320508075752925e-10,2.3,0.0
